URL,Project Name,Contractor,Address,Size,Project Size,Launch Date,Avg. Price,Possession Starts,Configuration,Rera Id,Sizes,Configurations,Possession Status
https://housing.com/buy-arcus-courtyard-2-by-sheth-infraspace-in-bhayli-vadodara-pid-302122?fltcnt=461b57c6-83c6-4049-bc53-51df75e57bfc,Arcus Courtyard 2,SHETH INFRASPACE,"Near Shantiniketan Society, Bhayli TP 24B, Bhayli Road, Vadodara",3460.00 sq.ft.,16 units,"Jun, 2023",6.18 K/sq.ft,"Mar, 2028",5 BHK Villa,PR/GJ/VADODARA/VADODARA/Others/RAA12032/280623,,,
https://housing.com/buy-vrundavan-bliss-by-shree-balaji-developers-in-waghodia-road-vadodara-pid-286444?fltcnt=2853b6b0-2060-41aa-aeac-6e4d764e3bb1,Vrundavan Bliss,SHREE BALAJI DEVELOPERS,"Opp. Taksh Galaxy Mall & L&T Knowledge City, Waghodia Road, Vadodara",,3 Buildings - 172 units,"Oct, 2022",4.37 K/sq.ft,"Mar, 2026",,PR/GJ/VADODARA/VADODARA/Vadodara Municipal Corporation/MN211AA10111/031022,962.00 sq.ft. - 1520.00 sq.ft.,"3, 4 BHK Apartments",
https://housing.com/buy-shaligram-west-by-krishna-infra-in-bhayli-vadodara-pid-295103?fltcnt=03b515a7-94be-4502-bca6-b165ece9510a,Shaligram West,KRISHNA INFRA,"SHALIGRAM WEST , OPP PETEL ASTER, NR STONGATE, BHAYLI TP-2, Vasna Bhayli Road, Vadodara",,2 Buildings - 48 units,"Mar, 2023",3.50 K/sq.ft,,,PR/GJ/VADODARA/VADODARA/Others/RAA11391/040323,2892.00 sq.ft. - 4820.00 sq.ft.,"4, 5 BHK Apartments",Under Construction
https://housing.com/buy-the-nest-by-vns-associates-in-vadsar-vadodara-pid-290504?fltcnt=1ce64dc3-ff97-4286-a7a0-aaee1f7594ee,The Nest,VNS ASSOCIATES,"The Nest, 30 Meter Vadsar Village Road, Opp. Billabong School, Vadsar, Vadodara",,2 Buildings - 97 units,"Oct, 2022",Price on request,"May, 2026",,PR/GJ/VADODARA/VADODARA/Others/MAA10902/121122,718.00 sq.ft. - 965.00 sq.ft.,"2, 3 BHK Apartments",
https://housing.com/buy-mattrix-aspire-by-space-infra-in-kalali-vadodara-pid-300746?fltcnt=297b41f8-121a-4b58-93a5-00c402cf229f,Mattrix Aspire,SPACE INFRA,"Opp. Kanha, Behind Delhi Public School, Kalali, Vadodara",1158.00 sq.ft.,4 Buildings - 112 units,"Jun, 2023",Price on request,"Jun, 2027",3 BHK Apartment,PR/GJ/VADODARA/VADODARA/Others/MAA11923/070623,,,
https://housing.com/buy-samanvay-anantam-by-samanvay-realty-in-akota-vadodara-pid-302728?fltcnt=a8909a1b-26a2-4e70-b6a3-25cbdf7bb342,Samanvay Anantam,SAMANVAY REALTY,"Old R C Patel Estate, Near Akota Garden, Akota, Vadodara",,7 Buildings - 308 units,,5.63 K/sq.ft,,,PR/GJ/VADODARA/ VADODARA/Others/MAA12128/070723,1331.00 sq.ft. - 2760.00 sq.ft.,"3, 4 BHK Apartments",Under Construction
https://housing.com/buy-aadhya-elior-by-aum-properties-in-bhayli-vadodara-pid-289822?fltcnt=a11d1874-8156-4b1c-ad9b-38505e699110,Aadhya Elior,AUM PROPERTIES,"Beside Petal Ester Apartment, 24 Mtr Road, Behind Priya Cinema, Bhayli, Vasna Bhayli Road, Vasna Bhayli Road, Vadodara",,6 Buildings - 156 units,"Sep, 2022",3.14 K/sq.ft,"Dec, 2025",,PR/GJ/VADODARA/VADODARA/Others/MAA10623/030922,2227.00 sq.ft. - 3176.00 sq.ft.,"3, 4 BHK Apartments",
https://housing.com/buy-aston-21-by-shreeji-infra-space-in-kalali-vadodara-pid-295871?fltcnt=16aa68f4-bd2c-450e-99d5-a0cc17e98c08,Aston 21,SHREEJI INFRA SPACE,"Kalali, Vadodara",,21 units,"Mar, 2023",5.31 K/sq.ft,"Dec, 2025",4 BHK Villa,PR/GJ/VADODARA/VADODARA/Others/RAA11308/030323,1600.00 sq.ft. - 1990.00 sq.ft.,,
https://housing.com/buy-kamaxi-avenue-by-kamaxi-group-in-waghodia-road-vadodara-pid-301584?fltcnt=260d0e89-b35b-49b0-bc6d-a823d6a0ab50,Kamaxi Avenue,KAMAXI GROUP,"Kamaxi Avenue Nr Pearl Ultima Waghodia Road, Vadodara",,6 Buildings - 216 units,"Jun, 2023",3.79 K/sq.ft,"Sep, 2026",,PR/GJ/VADODARA/VADODARA/Others/MAA11982/200623,1160.00 sq.ft. - 1440.00 sq.ft.,"3, 4 BHK Apartments",
https://housing.com/buy-prakruti-harmony-by-shivam-infra-in-bill-vadodara-pid-270216?fltcnt=8e1cd308-4194-4bb0-ad36-35e265ff625b,Prakruti Harmony,SHIVAM INFRA,"Opposite The Planet, Bill-Kalali Road, Bill, Vadodara",,118 units,,Price on request,"Dec, 2026",4 BHK Villa,PR/GJ/VADODARA/VADODARA/Others/RAA09644/311221,1700.00 sq.ft. - 1800.00 sq.ft.,,
https://housing.com/buy-trinetra-sky-deck-by-trinetra-developers-in-vadsar-vadodara-pid-293404?fltcnt=1a880b26-48da-4fa6-a8a5-baa23ac0e6ca,Trinetra Sky Deck,TRINETRA DEVELOPERS,"Nr. Khiskoli Circle, Vadsar, Vadodara",,1 Building - 72 units,"Jan, 2023",4.62 K/sq.ft,"Jan, 2026",,PR/GJ/VADODARA/VADODARA/Others/MAA11153/050123,758.00 sq.ft. - 1075.00 sq.ft.,"2, 3 BHK Apartments",
https://housing.com/buy-vr-26-by-vr-group-in-sama-savli-vadodara-pid-297802?fltcnt=78693f57-1e85-4892-9052-64a94b8532b8,VR 26,VR GROUP,"Bh. Narayan Greenwoods, Opp. Nayara Petrol Pump, Sama Savli Road, Vadodara",3018.00 sq.ft.,1 Building - 26 units,"Jun, 2023",Price on request,"Dec, 2025",4 BHK Apartment,PR/GJ/VADODARA/VADODARA/Others/RAA11651/210423,,,
https://housing.com/buy-nathdwar-dreams-by-nathdwar-group-in-waghodia-road-vadodara-pid-308117?fltcnt=485ccfd8-c7e8-48d7-9ffa-99ae6e06dc9c,Nathdwar Dreams,NATHDWAR GROUP,"Nr. D-Mart, Shivam Crossing, Waghodia, Vadodara",,4 Buildings - 159 units,"Jan, 2023",3.33 K/sq.ft,"Dec, 2024",,"PR/GJ/VADODARA/VADODARA/Others/RAA11195/130123, PR/GJ/VADODARA/VADODARA/Others/MAA10127/300422",,"2, 3 BHK Apartments",
https://housing.com/buy-aashray-primero-by-aashray-group-vadodara-in-kalali-vadodara-pid-292024?fltcnt=46c511dd-2b94-482c-bfef-16ecf4294b53,Aashray Primero,AASHRAY GROUP VADODARA,"Near Avadh Upvan 2 Old atladara -Bill Road kalali, Vadodara",,29 units,,Price on request,"Mar, 2027",4 BHK Bungalow,PR/GJ/VADODARA/VADODARA/Others/RAA10922/141122,,,
https://housing.com/buy-aaradhy-arise-by-aaradhy-infra-in-waghodia-road-vadodara-pid-292759?fltcnt=c29a21d7-4c2a-4b3e-b58d-7e515a2ed0d7,Aaradhy Arise,AARADHY INFRA,"B/H Bharat Petolpump, Soma talav, Waghodia-Dabhoi Ring Road, Vadodara",,2 Buildings - 104 units,,Price on request,"Dec, 2025",,PR/GJ/VADODARA/VADODARA/Others/RAA11111/311222,723.00 sq.ft. - 1019.00 sq.ft.,"2, 3 BHK Apartments",
https://housing.com/buy-aashray-elegance-by-aashray-group-vadodara-in-bhayli-vadodara-pid-261806?fltcnt=46c511dd-2b94-482c-bfef-16ecf4294b53,Aashray Elegance,AASHRAY GROUP VADODARA,"Opp Ashray Greens IIRA International School TP-4 Bhayli, Vasna Bhayli Road, Vadodara",1267.00 sq.ft.,4 Buildings - 160 units,,3.71 K/sq.ft,"Aug, 2024",3 BHK Apartment,PR/GJ/VADODARA/VADODARA/Others/MAA08712/030721,,,
https://housing.com/buy-samruddhi-silver-by-samruddhi-silver-in-kalali-vadodara-pid-305195?fltcnt=1ea7d60d-d126-4b15-9b0e-6a4ed8adfaf5,Samruddhi Silver,SAMRUDDHI SILVER,"Opp Shivam Trade Center, Nr Sonal Park, Kalali-Vadsar Road, Vadodara",,5 Buildings - 141 units,"Nov, 2022",2.21 K/sq.ft,"Dec, 2027",2 BHK Apartment,PR/GJ/VADODARA/VADODARA/Others/MAA10979/291122,1042.00 sq.ft. - 1145.00 sq.ft.,,
https://housing.com/buy-nathdwar-resicom-by-nathdwar-group-in-waghodia-road-vadodara-pid-307763?fltcnt=485ccfd8-c7e8-48d7-9ffa-99ae6e06dc9c,Nathdwar Resicom,NATHDWAR GROUP,"Prabhat Char Rasta, Waghodia Road, Vadodara",,7 Buildings - 196 units,"Apr, 2022",3.46 K/sq.ft,"Dec, 2024",,PR/GJ/VADODARA/VADODARA/Others/MAA10049/A1M/270923,780.00 sq.ft. - 1020.00 sq.ft.,"2, 3 BHK Apartments",
https://housing.com/buy-auro-nirvana-by-auro-group-in-bhayli-vadodara-pid-306652?fltcnt=2a5016ae-dae1-41bb-8820-4c0f39b4f6cd,Auro Nirvana,THE AURO GROUP,"Near Madrid County Bhayli Tp-5 Bhayli Vasna Bhayli Road, Vasna Bhayli Road, Vadodara",,,"Sep, 2023",5.72 K/sq.ft,"Sep, 2026",5 BHK Villa,Rera Not Applicable,,,
https://housing.com/buy-aruma-park-by-aruma-realty-in-bill-vadodara-pid-259687?fltcnt=e711afed-ed1c-4596-b0fb-c8cb07e446ee,Aruma Park,ARUMA REALTY,"Next To Silchar Company, Near Architect College, Bill, Vadodara",,4 Buildings - 164 units,,3.05 K/sq.ft,"Dec, 2023",,PR/GJ/VADODARA/VADODARA/Others/MAA07621/031120,755.00 sq.ft. - 1025.00 sq.ft.,"2, 3 BHK Apartments",
https://housing.com/buy-safalya-rise-by-safalya-inc-in-kalali-vadodara-pid-228588?fltcnt=fc224a1c-bc1e-4051-9406-aebed35e0e5b,Safalya Rise,SAFALYA INC,"Nr Auro Ville 2 Kalali, Vadodara",,,,3.74 K/sq.ft,"Dec, 2022",,PR/GJ/VADODARA/VADODARA/Others/MAA06333/161119,575.00 sq.ft. - 775.00 sq.ft.,"2, 3 BHK Apartments",
https://housing.com/buy-darshanam-splendora-3-by-darshanam-group-in-manjalpur-vadodara-pid-307266?fltcnt=c4491a1d-b678-4b4d-9187-dfd9d954dffa,Darshanam Splendora 3,DARSHANAM GROUP,"Darshanam Splendora III, Opp Auro Crystal, Near Suryadarshan Township, Manjalpur, Vadodara",,192 units,"Aug, 2023",Price on request,"Dec, 2026",,PR/GJ/VADODARA/VADODARA/Others/MAA12159/180823,2421.00 sq.ft. - 6067.00 sq.ft.,"3, 4, 5 BHK Apartment, Villa, Penthouses",
https://housing.com/buy-shivam-highview-by-shree-infra-in-waghodia-road-vadodara-pid-292476?fltcnt=21dcbba5-5e23-42ec-959d-6a286ab8d8bb,Shivam Highview,SHREE INFRA,"Near Narayan Smruti Hospital, Savita Hospital Road Waghodia Dabhoi Ring Road, Waghodia, Vadodara",,4 Buildings - 210 units,"Aug, 2022",3.15 K/sq.ft,"Nov, 2025",,PR/GJ/VADODARA/VADODARA/Others/RAA10862/031122,683.00 sq.ft. - 936.00 sq.ft.,"2, 3 BHK Apartments",
https://housing.com/buy-vrundavan-bliss-by-shree-balaji-developers-in-waghodia-road-vadodara-pid-286444?fltcnt=2853b6b0-2060-41aa-aeac-6e4d764e3bb1,Vrundavan Bliss,SHREE BALAJI DEVELOPERS,"Opp. Taksh Galaxy Mall & L&T Knowledge City, Waghodia Road, Vadodara",,3 Buildings - 172 units,"Oct, 2022",4.37 K/sq.ft,"Mar, 2026",,PR/GJ/VADODARA/VADODARA/Vadodara Municipal Corporation/MN211AA10111/031022,962.00 sq.ft. - 1520.00 sq.ft.,"3, 4 BHK Apartments",
https://housing.com/buy-kamaxi-avenue-by-kamaxi-group-in-waghodia-road-vadodara-pid-301584?fltcnt=260d0e89-b35b-49b0-bc6d-a823d6a0ab50,Kamaxi Avenue,KAMAXI GROUP,"Kamaxi Avenue Nr Pearl Ultima Waghodia Road, Vadodara",,6 Buildings - 216 units,"Jun, 2023",3.79 K/sq.ft,"Sep, 2026",,PR/GJ/VADODARA/VADODARA/Others/MAA11982/200623,1160.00 sq.ft. - 1440.00 sq.ft.,"3, 4 BHK Apartments",
https://housing.com/in/buy/projects/page/290596-shreyam-hills-by-shree-balaji-developers-in-navagam?fltcnt=2853b6b0-2060-41aa-aeac-6e4d764e3bb1,Shreyam Hills,SHREE BALAJI DEVELOPERS,"Navagam, Near Pavagadh",,1000 units,"Jan, 2022",888/sq.ft,,Residential Plots,RERA is not applicable,,,Ready to Move
https://housing.com/buy-aarya-bliss-by-vaishnavi-developers-in-harni-vadodara-pid-296190?fltcnt=e26680f1-3429-408b-a907-37a0679142c9,Aarya Bliss,VAISHNAVI DEVELOPERS,"Behind Nayra Petrol Pump,nr Shiv Darshan Duplex, Opp Shashwat Flat, Gada Circle, Vadodara",,2 Buildings - 30 units,"May, 2022",5.58 K/sq.ft,"May, 2024",,PR/GJ/VADODARA/VADODARA/Others/RAA10155/050522,1164.00 sq.ft. - 1657.00 sq.ft.,"3, 4 BHK Apartments",
https://housing.com/buy-jp-prisma-by-guruprasad-infrastructure-pvt-ltd-in-kalali-vadodara-pid-298332?fltcnt=bbf31746-eb5e-4cc6-b6a7-8db071cc9ad5,JP Prisma,GURUPRASAD INFRASTRUCTURE PVT LTD,"Opp Cloud Nine, Nr kings Villa Duplex, Kalali, Vadodara",,3 Buildings - 78 units,"Apr, 2023",2.74 K/sq.ft,"Aug, 2024",,PR/GJ/VADODARA/VADODARA/Others/MAA11667/26042,2515.00 sq.ft. - 2865.00 sq.ft.,"3, 4 BHK Apartments",
https://housing.com/buy-trinetra-silvernest-by-trinetra-developers-in-tarsali-vadodara-pid-301522?fltcnt=1a880b26-48da-4fa6-a8a5-baa23ac0e6ca,Trinetra Silvernest,TRINETRA DEVELOPERS,"Tarsali, Vadodara",,3 Buildings - 166 units,"May, 2023",3.58 K/sq.ft,"Jan, 2026",,PR/GJ/VADODARA/VADODARA/Others/RAA12409/101023,,"2, 3 BHK Apartments",
https://housing.com/buy-triveni-heights-by-rudra-infra-vadodara-in-new-gotri-vadodara-pid-254681?fltcnt=913eb3ac-13ba-43f1-9d9a-46fb3f981fd6,Triveni Heights,RUDRA INFRA VADODARA,"Opp Darshnam Clublife, New Gotri, Vadodara",1100.00 sq.ft.,3 Buildings - 120 units,,4.27 K/sq.ft,"Oct, 2025",3 BHK Apartment,PR/GJ/VADODARA/VADODARA/Others/RAA07895/080121,,,
https://housing.com/buy-everest-antara-by-everest-construction-company-in-bhayli-vadodara-pid-301618?fltcnt=ea0f754a-44a9-4049-9191-25f5fcc9794c,Everest Antara,EVEREST CONSTRUCTION COMPANY,"30 Mtr. extended Sunpharma Road, Bhayli, Bh Madrid County Nr. 75 Mtr. Ring Road, Bhayli, Vadodara, Vasna Bhayli Road, Vadodara",,3 Buildings - 164 units,"Jun, 2023",4.58 K/sq.ft,"Dec, 2027",3 BHK Apartment,PR/GJ/VADODARA/VADODARA/Others/MAA11997/220623,1267.00 sq.ft. - 1390.00 sq.ft.,,
https://housing.com/buy-madhuvan-impression-by-madhuvan-group-in-sevasi-vadodara-pid-289002?fltcnt=2d56b2cb-9907-4474-822e-3d4e514cd60f,Madhuvan Impression,MADHUVAN GROUP,"30 mtr. Sevasi - Bhayli Canal Road, Nr. Red Petal Party Plot, Sevasi, Vadodara",,1 Building - 39 units,"Oct, 2022",5.91 K/sq.ft,"Dec, 2025",,PR/GJ/VADODARA/VADODARA/Others/RAA10755/101022,2200.00 sq.ft. - 2850.00 sq.ft.,"4, 4.5 BHK Apartments",
https://housing.com/buy-sanvicasa-105-by-shree-siddhi-createurs-in-tarsali-vadodara-pid-293175?fltcnt=c70f6946-87ed-4c0d-a551-028cac753618,Sanvicasa 105,SHREE SIDDHI CREATEURS,"Beside Rajanand Dwalling, Soma-Talav Ring Road, Tarsali, Vadodara",1940.00 sq.ft.,105 units,"Jan, 2023",6.44 K/sq.ft,"Dec, 2025",4 BHK Villa,PR/GJ/VADODARA/VADODARA/Others/MAA11046/171222,,,
https://housing.com/buy-survi-pristine-by-survi-prestine-in-manjalpur-vadodara-pid-310450?fltcnt=2229afbb-a50b-4a6d-bea7-27dfc3e17ef5,Survi Pristine,SURVI PRESTINE,"Beside Mahalaxmi Party Plot, Tulsidham, Jupiter Rd, Manjalpur, Vadodara",,4 Buildings - 328 units,"Mar, 2022",6.63 K/sq.ft,"Jun, 2026",,PR/GJ/VADODARA/VADODARA/Others/MAA10716/300922,1507.00 sq.ft. - 2207.00 sq.ft.,"3, 3.5, 4 BHK Apartments",
https://housing.com/buy-kamaxi-avenue-by-kamaxi-group-in-waghodia-road-vadodara-pid-301584?fltcnt=260d0e89-b35b-49b0-bc6d-a823d6a0ab50,Kamaxi Avenue,KAMAXI GROUP,"Kamaxi Avenue Nr Pearl Ultima Waghodia Road, Vadodara",,6 Buildings - 216 units,"Jun, 2023",3.79 K/sq.ft,"Sep, 2026",,PR/GJ/VADODARA/VADODARA/Others/MAA11982/200623,1160.00 sq.ft. - 1440.00 sq.ft.,"3, 4 BHK Apartments",
https://housing.com/in/buy/projects/page/290596-shreyam-hills-by-shree-balaji-developers-in-navagam?fltcnt=2853b6b0-2060-41aa-aeac-6e4d764e3bb1,Shreyam Hills,SHREE BALAJI DEVELOPERS,"Navagam, Near Pavagadh",,1000 units,"Jan, 2022",888/sq.ft,,Residential Plots,RERA is not applicable,,,Ready to Move
https://housing.com/buy-aarya-bliss-by-vaishnavi-developers-in-harni-vadodara-pid-296190?fltcnt=e26680f1-3429-408b-a907-37a0679142c9,Aarya Bliss,VAISHNAVI DEVELOPERS,"Behind Nayra Petrol Pump,nr Shiv Darshan Duplex, Opp Shashwat Flat, Gada Circle, Vadodara",,2 Buildings - 30 units,"May, 2022",5.58 K/sq.ft,"May, 2024",,PR/GJ/VADODARA/VADODARA/Others/RAA10155/050522,1164.00 sq.ft. - 1657.00 sq.ft.,"3, 4 BHK Apartments",
https://housing.com/buy-jp-prisma-by-guruprasad-infrastructure-pvt-ltd-in-kalali-vadodara-pid-298332?fltcnt=bbf31746-eb5e-4cc6-b6a7-8db071cc9ad5,JP Prisma,GURUPRASAD INFRASTRUCTURE PVT LTD,"Opp Cloud Nine, Nr kings Villa Duplex, Kalali, Vadodara",,3 Buildings - 78 units,"Apr, 2023",2.74 K/sq.ft,"Aug, 2024",,PR/GJ/VADODARA/VADODARA/Others/MAA11667/26042,2515.00 sq.ft. - 2865.00 sq.ft.,"3, 4 BHK Apartments",
https://housing.com/buy-trinetra-silvernest-by-trinetra-developers-in-tarsali-vadodara-pid-301522?fltcnt=1a880b26-48da-4fa6-a8a5-baa23ac0e6ca,Trinetra Silvernest,TRINETRA DEVELOPERS,"Tarsali, Vadodara",,3 Buildings - 166 units,"May, 2023",3.58 K/sq.ft,"Jan, 2026",,PR/GJ/VADODARA/VADODARA/Others/RAA12409/101023,,"2, 3 BHK Apartments",
https://housing.com/buy-triveni-heights-by-rudra-infra-vadodara-in-new-gotri-vadodara-pid-254681?fltcnt=913eb3ac-13ba-43f1-9d9a-46fb3f981fd6,Triveni Heights,RUDRA INFRA VADODARA,"Opp Darshnam Clublife, New Gotri, Vadodara",1100.00 sq.ft.,3 Buildings - 120 units,,4.27 K/sq.ft,"Oct, 2025",3 BHK Apartment,PR/GJ/VADODARA/VADODARA/Others/RAA07895/080121,,,
https://housing.com/buy-everest-antara-by-everest-construction-company-in-bhayli-vadodara-pid-301618?fltcnt=ea0f754a-44a9-4049-9191-25f5fcc9794c,Everest Antara,EVEREST CONSTRUCTION COMPANY,"30 Mtr. extended Sunpharma Road, Bhayli, Bh Madrid County Nr. 75 Mtr. Ring Road, Bhayli, Vadodara, Vasna Bhayli Road, Vadodara",,3 Buildings - 164 units,"Jun, 2023",4.58 K/sq.ft,"Dec, 2027",3 BHK Apartment,PR/GJ/VADODARA/VADODARA/Others/MAA11997/220623,1267.00 sq.ft. - 1390.00 sq.ft.,,
https://housing.com/buy-madhuvan-impression-by-madhuvan-group-in-sevasi-vadodara-pid-289002?fltcnt=2d56b2cb-9907-4474-822e-3d4e514cd60f,Madhuvan Impression,MADHUVAN GROUP,"30 mtr. Sevasi - Bhayli Canal Road, Nr. Red Petal Party Plot, Sevasi, Vadodara",,1 Building - 39 units,"Oct, 2022",5.91 K/sq.ft,"Dec, 2025",,PR/GJ/VADODARA/VADODARA/Others/RAA10755/101022,2200.00 sq.ft. - 2850.00 sq.ft.,"4, 4.5 BHK Apartments",
https://housing.com/buy-sanvicasa-105-by-shree-siddhi-createurs-in-tarsali-vadodara-pid-293175?fltcnt=c70f6946-87ed-4c0d-a551-028cac753618,Sanvicasa 105,SHREE SIDDHI CREATEURS,"Beside Rajanand Dwalling, Soma-Talav Ring Road, Tarsali, Vadodara",1940.00 sq.ft.,105 units,"Jan, 2023",6.44 K/sq.ft,"Dec, 2025",4 BHK Villa,PR/GJ/VADODARA/VADODARA/Others/MAA11046/171222,,,
https://housing.com/buy-survi-pristine-by-survi-prestine-in-manjalpur-vadodara-pid-310450?fltcnt=2229afbb-a50b-4a6d-bea7-27dfc3e17ef5,Survi Pristine,SURVI PRESTINE,"Beside Mahalaxmi Party Plot, Tulsidham, Jupiter Rd, Manjalpur, Vadodara",,4 Buildings - 328 units,"Mar, 2022",6.63 K/sq.ft,"Jun, 2026",,PR/GJ/VADODARA/VADODARA/Others/MAA10716/300922,1507.00 sq.ft. - 2207.00 sq.ft.,"3, 3.5, 4 BHK Apartments",
https://housing.com/buy-shikhar-platinum-by-kuber-developers-in-subhanpura-vadodara-pid-299704?fltcnt=b55abb53-09dc-447d-a103-3eeafaa73829,Shikhar Platinum,KUBER DEVELOPERS,"Next to Nayara Petrol Pump, Subhanpura, Vadodara",,3 Buildings - 59 units,"May, 2023",Price on request,"Aug, 2025",3 BHK Apartment,PR/GJ/VADODARA/VADODARA/Others/MAA11085/281222,1000.00 sq.ft. - 1100.00 sq.ft.,,
https://housing.com/buy-empire-villa-by-mrr-buildcon-in-vemali-vadodara-pid-311500?fltcnt=b1d57e12-d872-41a4-a2b9-0fc28aba89c4,Empire Villa,MRR BUILDCON,"Opp. Nayara Pump, Sama-Savli Road, Vadodara",2070.00 sq.ft.,1 Building - 56 units,"Apr, 2022",Price on request,"Jun, 2025",5 BHK Apartment,PR/GJ/VADODARA/VADODARA/Vadodara Municipal Corporation/RN57AA09957/030622,,,
https://housing.com/buy-sarva-vatika-121-by-sarva-group-in-waghodia-road-vadodara-pid-290114?fltcnt=98e601f1-2571-465c-8eb7-28f0e2361943,Sarva Vatika 121,SARVA GROUP,"Nr Pioneer College, B/h Laxmi Studio, Near Ajwa Chokdi, Between Ajwa Road To Ankhol, Vadodara",,121 units,"Oct, 2022",6.13 K/sq.ft,"Dec, 2025",,PR/GJ/VADODARA/VAGHODIA/Others/RAA10793/171022,1109.00 sq.ft. - 1478.00 sq.ft.,"3, 4, 5 BHK Villas",
https://housing.com/buy-rudra-somnath-heritage-by-rudra-developers-vadodara-in-sama-savli-vadodara-pid-275565?fltcnt=e45835fb-fd70-41e4-8a82-f7f709257f79,Rudra Somnath Heritage,PROPNET REALTY SERVICES,"New Sama, Vadodara",885.00 sq.ft.,1 Building - 28 units,,6.67 K/sq.ft,"Oct, 2024",3 BHK Apartment,PR/GJ/VADODARA/VADODARA/Others/RAA09834/210222,,,
https://housing.com/buy-vihal-aranya-99-by-vihal-infracon-in-sama-savli-vadodara-pid-261626?fltcnt=e45835fb-fd70-41e4-8a82-f7f709257f79,Vihal Aranya 99,PROPNET REALTY SERVICES,"Near Ambe School, Opp. Lileria Party Plot, Sama Savli Road, Sama, Vadodara",1115.00 sq.ft.,4 Buildings - 99 units,,6.91 K/sq.ft,"Jul, 2024",3 BHK Apartment,PR/GJ/VADODARA/VADODARA/Others/RAA08676/280621,,,
https://housing.com/buy-vihal-aranya-spring-by-vihal-infra-in-sama-savli-vadodara-pid-259009?fltcnt=e45835fb-fd70-41e4-8a82-f7f709257f79,Vihal Aranya Spring,PROPNET REALTY SERVICES,"Near Ambe School, Bh Lotus Aura, Sama Savli Road, Sama, Vadodara",660.00 sq.ft.,6 Buildings - 168 units,,9.24 K/sq.ft,"Jul, 2024",2 BHK Apartment,PR/GJ/VADODARA/VADODARA/Others/RAA08418/050521,,,
https://housing.com/buy-serene-53-by-infracon-llp-in-vaishno-devi-circle-ahmedabad-pid-276723?fltcnt=c7c4c948-f2ba-4dd9-9eda-2efac85ff486,Serene 53,SERENE GROUP,"Nr. Sterling Greenwoods Lake Resorts, Sardar Patel Ring Road, Lilapur, Near Vaishno Devi Circle On SG Highway, Ahmedabad",1395.00 sq.ft.,3 Buildings - 176 units,"Apr, 2022",3.56 K/sq.ft,"Apr, 2025",2 BHK Apartment,PR/GJ/AHMEDABAD/AHMEDABAD CITY/Ahmedabad Urban Development Authority/MN16AA09916/280422,,,
https://housing.com/buy-rameshwar-city-by-rameshwar-infrabuild-pvt-ltd-in-kasindra-ahmedabad-pid-294566?fltcnt=83da7933-b586-4346-b29a-3fa265372625,Rameshwar City,RAMESHWAR GROUP,"Near Jain Derasar, Kasindra, Ahmedabad-Dholka Road, Daskroi, Ahmedabad",,,,35.35 K/sq.yd,"Jun, 2025",,Rera Not Applicable,,"2, 3, 4, 5 BHK Villas",
https://housing.com/buy-anantara-by-shreeji-projects-in-new-maninagar-ahmedabad-pid-302729?fltcnt=78d4b374-6357-4afb-b961-9a21c958c53f,Anantara,SHREEJI PROJECTS,"New Maninagar road, opp- Croma, nr. AMC garden, New maninagar, Ramol, East Ahmedabad, Ahmedabad",,4 Buildings - 182 units,"Jul, 2023",25.75 K/sq.yd,"Jun, 2028",,PR/GJ/AHMEDABAD/AHMEDABAD CITY/AUDA/MAA12109/070723,220.00 sq.yd. - 318.00 sq.yd.,"3, 4 BHK Apartments",
https://housing.com/buy-swara-skyville-by-swara-group-in-navrangpura-ahmedabad-pid-297876?fltcnt=6e930704-720c-42e6-b47f-ef453000cad0,Swara Skyville,SWARA GROUP,"Opposite Shyam Duplex, Near Somlalit School, Navrangpura, Central Ahmedabad, Ahmedabad",,1 Building - 14 units,"Apr, 2023",57.00 K/sq.yd,"Dec, 2025",4 BHK Apartment,PR/GJ/AHMEDABAD/AHMEDABAD CITY/AUDA/RAA11644/210423,368.00 sq.yd. - 382.00 sq.yd.,,
https://housing.com/buy-nandini-skyview-by-swara-group-in-vasna-ahmedabad-pid-302797?fltcnt=6e930704-720c-42e6-b47f-ef453000cad0,Nandini Skyview,SWARA GROUP,"Nr Prajapati Garden, Vasna, Central Ahmedabad, Ahmedabad",207.00 sq.yd.,2 Buildings - 90 units,"Jul, 2023",56.00 K/sq.yd,"Dec, 2025",3 BHK Apartment,PR/GJ/AHMEDABAD/AHMEDABAD CITY/AUDA/RAA12130/070723,,,
https://housing.com/buy-swara-skyline-by-swara-group-in-navrangpura-ahmedabad-pid-302853?fltcnt=6e930704-720c-42e6-b47f-ef453000cad0,Swara Skyline,SWARA GROUP,"Navrangpura, Central Ahmedabad, Ahmedabad",,1 Building - 28 units,"Apr, 2023",56.00 K/sq.yd,"Jul, 2026",3 BHK Apartment,PR/GJ/AHMEDABAD/AHMEDABAD CITY/AUDA/RAA11658/240423,,,
https://housing.com/buy-the-31st-by-beverly-buildcon-in-thaltej-ahmedabad-pid-278459?fltcnt=65ee94bc-068d-4317-a96d-f6ccd66e6ecc,The 31st,BEVERLY BUILDCON,"Near Aryaman Bungalows, Thaltej, Ahmedabad",,1 Building - 87 units,"May, 2022",Price on request,"Aug, 2025",4 BHK Apartment,PR/GJ/AHMEDABAD/DASKROI/Ahmedabad Municipal Corporation/RN49AA09949/310522,4464.00 sq.ft. - 4716.00 sq.ft.,,
https://housing.com/buy-sangath-palm-by-raj-infra-in-chandkheda-ahmedabad-pid-126804?fltcnt=f5234249-0f78-4304-a184-32fe11d914b8,Sangath Palm,RAJ INFRA,"Tp-44 Chandkheda, Near Savita Green Party Plot, Ahmedabad",221.00 sq.yd.,,,Price on request,,3 BHK Apartment,PR/GJ/AHMEDABAD/AHMEDABAD CITY/AUDA/RAA03281/300718,,,Ready to Move
https://housing.com/buy-kadamb-parisar-by-kadamb-infra-in-zundal-gandhinagar-gujarat-pid-308839?fltcnt=f82e32f6-b66f-4c85-98f7-e9db631b7fe1,Kadamb Parisar,KADAMB INFRA,"Sangath Prominence Lane, Zundal, Gandhinagar",,98 units,,31.00 K/sq.yd,"Oct, 2027",3 BHK Apartment,Rera Applied,,,
https://housing.com/buy-siddhi-vinayak-prospera-by-shree-rudransh-buildscape-llp-in-bopal-ahmedabad-pid-292385?fltcnt=5253beee-e365-4bf0-9c93-c2e5c9bf3ea1,Siddhi Vinayak Prospera,SHREE RUDRANSH BUILDSCAPE LLP,"Block No. 72, FP No. 61, Bopal, Ahmedabad",,4 Buildings - 138 units,"Nov, 2022",4.00 K/sq.ft,"Dec, 2026",,PR/GJ/AHMEDABAD/AHMEDABAD CITY/AUDA/MAA10911/121122,1350.00 sq.ft. - 1761.00 sq.ft.,"2.5, 3 BHK Apartments",
https://housing.com/buy-shiv-vivanta-by-rudra-enterprise-in-chandkheda-ahmedabad-pid-309012?fltcnt=8bb4c404-d539-4995-a740-37dc0e66022d,Shiv Vivanta,RUDRA ENTERPRISE,"Shiv Vivanta, Opp. Merriment Parmeshwar, T.P. No. 75, Chandkheda, Ahmedabad",,2 Buildings - 81 units,"Jun, 2022",6.84 K/sq.ft,"Dec, 2024","3 BHK Apartment, Penthouse",PR/GJ/AHMEDABAD/AHMEDABAD CITY/Ahmedabad Municipal Corporation/RN81AA09981/180622,1182.00 sq.ft. - 1184.00 sq.ft.,,
https://housing.com/buy-aradhana-arise-by-arise-buildcon-in-ghuma-ahmedabad-pid-283986?fltcnt=de5747dc-ff48-4655-a07c-97279d7512dc,Aradhana Arise,ARISE BUILDCON,"Next To Iscon Flower, Near Ananta Arise,Near Ghuma BRTS ,Ghuma, Ahmedabad",,2 Buildings - 56 units,"Aug, 2022",4.35 K/sq.ft,"Dec, 2024",,PR/GJ/AHMEDABAD/DASKROI/Ahmedabad Municipal Corporation/MN160AA10060/260822,1195.00 sq.ft. - 1572.00 sq.ft.,"2, 3 BHK Apartments",
https://housing.com/buy-aditya-lakeview-bungalows-by-b-gajera-and-co-in-lambha-ahmedabad-pid-280337?fltcnt=599ee02c-605e-45d8-b581-e09c646b042b,Aditya Lakeview Bungalows,B GAJERA AND CO,"Block/Survey No. 636, Near Lambha Lake, Lambha, East Ahmedabad, Ahmedabad",842.00 sq.ft.,91 units,"Jul, 2022",Price on request,"Mar, 2027",3 BHK Villa,PR/GJ/AHMEDABAD/AHMEDABAD CITY/Ahmedabad Municipal Corporation/RN99AA09999/300622,,,
https://housing.com/buy-raghuvir-aryaman-residency-by-raghuvir-infra-ahmedabad-in-narolgam-ahmedabad-pid-278551?fltcnt=0204a8a9-430d-4ef0-a4fd-2eff99c484c5,Raghuvir Aryaman Residency,RAGHUVIR INFRA AHMEDABAD,"Near Tirth 2, Divin life International School Lane, Shree Ram Residency Road, Narol Gam, South Ahmedabad, Ahmedabad",,5 Buildings - 210 units,,22.00 K/sq.yd,"Dec, 2026",,PR/GJ/AHMEDABAD/AHMEDABAD CITY/AUDA/MAA09944/220322,88.00 sq.yd. - 136.00 sq.yd.,"1, 2 BHK Apartments",
https://housing.com/buy-murlidhar-sky-by-spelndid-infrabuild-llp-in-isanpur-ahmedabad-pid-264571?fltcnt=d209ef88-5a4b-411d-ae4d-b8f713696ca3,Murlidhar Sky,SPELNDID INFRABUILD LLP,"Near Maruti Suzuki Arena, Narol-Isanpur Brts Road, Isanpur, East Ahmedabad, Ahmedabad",,8 Buildings - 476 units,"Sep, 2021",26.58 K/sq.yd,,,PR/GJ/AHMEDABAD/AHMEDABAD CITY/AUDA/MAA09028/090921,127.00 sq.yd. - 149.00 sq.yd.,"2, 3 BHK Apartments",Under Construction
https://housing.com/buy-dharti-skyline-by-dharti-infracon-in-jagatpur-ahmedabad-pid-285032?fltcnt=7896aae5-3ecd-44a0-8e79-c5c6e6c076e3,Dharti Skyline,DHARTI INFRACON,"Besides Godrej, Garden City, Jagatpur, Ahmedabad",,10 Buildings - 486 units,"Oct, 2022",8.21 K/sq.ft,"Dec, 2025",,PR/GJ/AHMEDABAD/AHMEDABAD CITY/AUDA/MAA10375/300622,639.00 sq.ft. - 872.00 sq.ft.,"2, 3 BHK Apartments",
https://housing.com/buy-ratnamohan-14-by-sairudram-devcon-in-nava-vadaj-ahmedabad-pid-306030?fltcnt=5cb6dbea-3994-4e40-aafd-9e5cd841bf81,Ratnamohan 14,SAIRUDRAM DEVCON,"Near Keshavnagar, Jain Derasar, Subhash Bridge, Keshavnagar, Ahmedabad",240.00 sq.yd.,1 Building - 14 units,"Apr, 2023",35.00 K/sq.yd,"Dec, 2025",3 BHK Apartment,PR/GJ/AHMEDABAD/AHMEDABAD CITY/AUDA/RAA12240/010923,,,
https://housing.com/buy-gulmohar-nirvana-ii-by-trilokesh-buildcon-in-ghuma-ahmedabad-pid-277350?fltcnt=fdc0a407-aa33-42b4-8cbb-3c610de928b5,Gulmohar Nirvana II,TRILOKESH BUILDCON,"Nr. Bopal Bus Stand, Opp. Pleasure Club, Bopal, Ahmedabad",449.00 sq.ft.,2 Buildings - 190 units,"Apr, 2022",4.90 K/sq.ft,"May, 2024",1 BHK Apartment,PR/GJ/AHMEDABAD/DASKROI/AUDA/RAA10072/220422,,,
https://housing.com/buy-mansi-empire-by-new-darshan-developers-in-ghuma-ahmedabad-pid-306104?fltcnt=83288469-89a1-4bcf-8dd5-4de9ffda7f43,Mansi Empire,NEW DARSHAN DEVELOPERS,"Opp Krishna Shalby Hospital, Near 45 Mtr Road, South Bopal-VIP Road Extension, Ahmedabad",,6 Buildings - 330 units,"May, 2023",3.41 K/sq.ft,"Dec, 2025",,PR/GJ/AHMEDABAD/AHMEDABAD CITY/AUDA/MAA12207/310823,1350.00 sq.ft. - 1800.00 sq.ft.,"2, 3 BHK Apartments",
https://housing.com/buy-kalash-heritage-by-k-s-developers-in-lambha-ahmedabad-pid-272075?fltcnt=543e6027-296d-419d-a9f9-388441fe7aad,Kalash Heritage,K. S. DEVELOPERS,"Nr. Maple Bungalows, Opp. Mars Arise, Lambha, East Ahmedabad, Ahmedabad",,51 units,"Jan, 2022",Price on request,,4 BHK Villa,PR/GJ/AHMEDABAD/AHMEDABAD CITY/AUDA/RAA09667/050122,2214.00 sq.ft. - 2394.00 sq.ft.,,Under Construction
https://housing.com/buy-rameshwar-crystal-by-rameshwar-infra-creation-llp-in-kasindra-ahmedabad-pid-289321?fltcnt=51941bd2-a61d-43d7-ba87-11abc816fbbd,Rameshwar Crystal,RAMESHWAR,"Besides Kashindra Police Chowky, Kasindra, Daskroi, Ahmedabad",,,,30.15 K/sq.yd,"Jun, 2024",3 BHK Bungalow,RERA ID Not Available,,,
https://housing.com/buy-the-first-by-radhe-developers-in-nava-naroda-ahmedabad-pid-295747?fltcnt=38bb7027-49c2-4cc6-a2be-1198266cd108,The First,RADHE DEVELOPERS,"Nr. Pratishtha Icon, Opp. Hanspura Bus Stand, Naroda-Dehgam Road, Naroda, Ahmedabad",,3 Buildings - 140 units,"Jan, 2023",6.33 K/sq.ft,"Jun, 2025",,PR/GJ/AHMEDABAD/AHMEDABAD CITY/AUDA/RAA11477/170323,742.00 sq.ft. - 1237.00 sq.ft.,"2, 3 BHK Apartments",
https://housing.com/buy-maighar-residency-by-ralsi-developers-in-bopal-ahmedabad-pid-227961?fltcnt=56f8f6af-bc82-4c70-9ce5-522b141cd9c9,Maighar Residency,RALSI DEVELOPERS,"Opp. Dps School, B/H. ISRO-Bopal, Shilaj-Bopal-Ghuma Road, Bopal, Ahmedabad",1520.00 sq.ft.,168 units,"Apr, 2018",3.00 K/sq.ft,"Mar, 2025",3 BHK Apartment,PR/GJ/AHMEDABAD/DASKROI/AUDA/MAA05845/060819,,,
https://housing.com/buy-kalash-by-aurous-buildcon-llp-in-maninagar-ahmedabad-pid-251260?fltcnt=16dd159b-c007-4b37-b6a5-b3eaf061378c,Kalash,AUROUS BUILDCON LLP,"Near RSS Bhavan, Maninagar, South Ahmedabad, Ahmedabad",,1 Building - 160 units,"Jul, 2020",47.00 K/sq.yd,"Jun, 2024",,PR/GJ/AHMEDABAD/AHMEDABAD CITY/AUDA/RAA07457/150920,141.00 sq.yd. - 196.00 sq.yd.,"2, 3 BHK Apartments",
https://housing.com/buy-sierra-by-shannon-projects-llp-in-satellite-ahmedabad-pid-301658?fltcnt=76bf0bd2-c287-495c-b1e1-f0440e659ad8,Sierra,SHANNON PROJECTS LLP,"Off.Jansi Ki Rani, Shivranjani, Manekbaug Road, Satellite, S G Highway, Ahmedabad",4200.00 sq.ft.,2 Buildings - 80 units,"Jun, 2023",8.19 K/sq.ft,"Dec, 2025",4 BHK Apartment,PR/GJ/AHMEDABAD/AHMEDABADCITY/AUDA/RAA12003/220623,,,
https://housing.com/buy-devsiddhi-greens-by-devsiddhi-group-in-navrangpura-ahmedabad-pid-289756?fltcnt=76d9c6e9-ae71-4216-bc62-bdfcbd605e48,Devsiddhi Greens,DEVSIDDHI GROUP,"Near H.L. Collage, Opp. Commerce Collage Hostel, Navrangpura, Central Ahmedabad, Ahmedabad",2000.00 sq.ft.,1 Building - 18 units,"Dec, 2022",6.70 K/sq.ft,"Apr, 2024",3 BHK Apartment,PR/GJ/AHMEDABAD/AHMEDABAD CITY/AUDA/RAA10983/291122,,,
https://housing.com/buy-dharti-skyline-by-dharti-infracon-in-jagatpur-ahmedabad-pid-285032?fltcnt=7896aae5-3ecd-44a0-8e79-c5c6e6c076e3,Dharti Skyline,DHARTI INFRACON,"Besides Godrej, Garden City, Jagatpur, Ahmedabad",,10 Buildings - 486 units,"Oct, 2022",8.21 K/sq.ft,"Dec, 2025",,PR/GJ/AHMEDABAD/AHMEDABAD CITY/AUDA/MAA10375/300622,639.00 sq.ft. - 872.00 sq.ft.,"2, 3 BHK Apartments",
https://housing.com/buy-eternity-by-ratnaakar-by-ratnaakar-in-iscon-ambli-road-ahmedabad-pid-300475?fltcnt=3325ea6f-3474-40fe-a8a3-6fe030c16a04,Eternity by Ratnaakar,RATNAAKAR,"Nr DoubleTree by Hilton, Iskcon-Ambli Road, Opposite Ashok Vatika, S G Highway, Ahmedabad",,1 Building - 57 units,"May, 2023",Price on request,"Mar, 2028",,PR/GJ/AHMEDABAD/AHMEDABAD CITY/AUDA/RAA11871/300523,6475.00 sq.ft. - 8450.00 sq.ft.,"4, 5 BHK Apartments",
https://housing.com/buy-suhaal-serenity-by-suhaal-group-in-zundal-gandhinagar-gujarat-pid-295803?fltcnt=6b61946d-d207-4e9f-b34c-ea00665543c5,Suhaal Serenity,CAPITALZ REALTORS,"Shree Hari Divine, Next To RJ Prime, Zundal, Gandhinagar",,3 Buildings - 146 units,"Apr, 2023",32.50 K/sq.yd,"Dec, 2026",3 BHK Apartment,PR/GJ/GANDHINAGAR/GANDHINAGAR/Others/MAA11414/060323,205.00 sq.yd. - 208.00 sq.yd.,,
https://housing.com/buy-kopren-park-view-by-shoolin-developers-in-ognaj-ahmedabad-pid-288003?fltcnt=ac763949-13cf-4df0-a0ea-a242eb36c8d3,Kopren Park View,SHOOLIN DEVELOPERS,"Science City Approach Road,Ognaj Bypass Road, Ahmedabad",,4 Buildings - 136 units,"Oct, 2022",37.68 K/sq.yd,"Dec, 2024",,PR/GJ/AHMEDABAD/AHMEDABAD CITY/Ahmedabad Municipal Corporation/MN228AA10128/211022,142.00 sq.yd. - 195.00 sq.yd.,"2, 3 BHK Apartments",
https://housing.com/buy-gala-ikebana-by-gala-group-in-bodakdev-ahmedabad-pid-291609?fltcnt=bae333af-f8e0-4e14-a78a-ee3466c517ac,Gala Ikebana,GALA GROUP,"Besides Courtyard Marriott, Bh. Rajpath Club, Sindhubhavan Road, S G Highway, Ahmedabad",7300.00 sq.ft.,3 Buildings - 119 units,"Aug, 2023",8.22 K/sq.ft,"Jul, 2027",5 BHK Apartment,PR/GJ/AHMEDABAD/DASKROI/AUDA/RAA10949/191122,,,
https://housing.com/buy-shiv-vivanta-by-rudra-enterprise-in-chandkheda-ahmedabad-pid-309012?fltcnt=8bb4c404-d539-4995-a740-37dc0e66022d,Shiv Vivanta,RUDRA ENTERPRISE,"Shiv Vivanta, Opp. Merriment Parmeshwar, T.P. No. 75, Chandkheda, Ahmedabad",,2 Buildings - 81 units,"Jun, 2022",6.84 K/sq.ft,"Dec, 2024","3 BHK Apartment, Penthouse",PR/GJ/AHMEDABAD/AHMEDABAD CITY/Ahmedabad Municipal Corporation/RN81AA09981/180622,1182.00 sq.ft. - 1184.00 sq.ft.,,
https://housing.com/buy-sthapatya-heights-by-sthapatya-buildcon-in-odhav-ahmedabad-pid-259721?fltcnt=1d3b4ab2-6263-4b25-b0f4-2b43981f8b8e,Sthapatya Heights,STHAPATYA HEIGHTS,"Singarwa, Odhav, Daskroi, Ahmedabad",,10 Buildings - 276 units,"May, 2021",15.76 K/sq.yd,"Mar, 2025",2 BHK Apartment,PR/GJ/AHMEDABAD/DASKROI/AUDA/MAA08489/240521,126.00 sq.yd. - 127.00 sq.yd.,,
https://housing.com/buy-rameshwar-crystal-by-rameshwar-infra-creation-llp-in-kasindra-ahmedabad-pid-289321?fltcnt=51941bd2-a61d-43d7-ba87-11abc816fbbd,Rameshwar Crystal,RAMESHWAR,"Besides Kashindra Police Chowky, Kasindra, Daskroi, Ahmedabad",,,,30.15 K/sq.yd,"Jun, 2024",3 BHK Bungalow,RERA ID Not Available,,,
https://housing.com/buy-the-first-by-radhe-developers-in-nava-naroda-ahmedabad-pid-295747?fltcnt=38bb7027-49c2-4cc6-a2be-1198266cd108,The First,RADHE DEVELOPERS,"Nr. Pratishtha Icon, Opp. Hanspura Bus Stand, Naroda-Dehgam Road, Naroda, Ahmedabad",,3 Buildings - 140 units,"Jan, 2023",6.33 K/sq.ft,"Jun, 2025",,PR/GJ/AHMEDABAD/AHMEDABAD CITY/AUDA/RAA11477/170323,742.00 sq.ft. - 1237.00 sq.ft.,"2, 3 BHK Apartments",
https://housing.com/buy-maighar-residency-by-ralsi-developers-in-bopal-ahmedabad-pid-227961?fltcnt=56f8f6af-bc82-4c70-9ce5-522b141cd9c9,Maighar Residency,RALSI DEVELOPERS,"Opp. Dps School, B/H. ISRO-Bopal, Shilaj-Bopal-Ghuma Road, Bopal, Ahmedabad",1520.00 sq.ft.,168 units,"Apr, 2018",3.00 K/sq.ft,"Mar, 2025",3 BHK Apartment,PR/GJ/AHMEDABAD/DASKROI/AUDA/MAA05845/060819,,,
https://housing.com/buy-kalash-by-aurous-buildcon-llp-in-maninagar-ahmedabad-pid-251260?fltcnt=16dd159b-c007-4b37-b6a5-b3eaf061378c,Kalash,AUROUS BUILDCON LLP,"Near RSS Bhavan, Maninagar, South Ahmedabad, Ahmedabad",,1 Building - 160 units,"Jul, 2020",47.00 K/sq.yd,"Jun, 2024",,PR/GJ/AHMEDABAD/AHMEDABAD CITY/AUDA/RAA07457/150920,141.00 sq.yd. - 196.00 sq.yd.,"2, 3 BHK Apartments",
https://housing.com/buy-sierra-by-shannon-projects-llp-in-satellite-ahmedabad-pid-301658?fltcnt=76bf0bd2-c287-495c-b1e1-f0440e659ad8,Sierra,SHANNON PROJECTS LLP,"Off.Jansi Ki Rani, Shivranjani, Manekbaug Road, Satellite, S G Highway, Ahmedabad",4200.00 sq.ft.,2 Buildings - 80 units,"Jun, 2023",8.19 K/sq.ft,"Dec, 2025",4 BHK Apartment,PR/GJ/AHMEDABAD/AHMEDABADCITY/AUDA/RAA12003/220623,,,
https://housing.com/buy-devsiddhi-greens-by-devsiddhi-group-in-navrangpura-ahmedabad-pid-289756?fltcnt=76d9c6e9-ae71-4216-bc62-bdfcbd605e48,Devsiddhi Greens,DEVSIDDHI GROUP,"Near H.L. Collage, Opp. Commerce Collage Hostel, Navrangpura, Central Ahmedabad, Ahmedabad",2000.00 sq.ft.,1 Building - 18 units,"Dec, 2022",6.70 K/sq.ft,"Apr, 2024",3 BHK Apartment,PR/GJ/AHMEDABAD/AHMEDABAD CITY/AUDA/RAA10983/291122,,,
https://housing.com/buy-dharti-skyline-by-dharti-infracon-in-jagatpur-ahmedabad-pid-285032?fltcnt=7896aae5-3ecd-44a0-8e79-c5c6e6c076e3,Dharti Skyline,DHARTI INFRACON,"Besides Godrej, Garden City, Jagatpur, Ahmedabad",,10 Buildings - 486 units,"Oct, 2022",8.21 K/sq.ft,"Dec, 2025",,PR/GJ/AHMEDABAD/AHMEDABAD CITY/AUDA/MAA10375/300622,639.00 sq.ft. - 872.00 sq.ft.,"2, 3 BHK Apartments",
https://housing.com/buy-eternity-by-ratnaakar-by-ratnaakar-in-iscon-ambli-road-ahmedabad-pid-300475?fltcnt=3325ea6f-3474-40fe-a8a3-6fe030c16a04,Eternity by Ratnaakar,RATNAAKAR,"Nr DoubleTree by Hilton, Iskcon-Ambli Road, Opposite Ashok Vatika, S G Highway, Ahmedabad",,1 Building - 57 units,"May, 2023",Price on request,"Mar, 2028",,PR/GJ/AHMEDABAD/AHMEDABAD CITY/AUDA/RAA11871/300523,6475.00 sq.ft. - 8450.00 sq.ft.,"4, 5 BHK Apartments",
https://housing.com/buy-suhaal-serenity-by-suhaal-group-in-zundal-gandhinagar-gujarat-pid-295803?fltcnt=6b61946d-d207-4e9f-b34c-ea00665543c5,Suhaal Serenity,CAPITALZ REALTORS,"Shree Hari Divine, Next To RJ Prime, Zundal, Gandhinagar",,3 Buildings - 146 units,"Apr, 2023",32.50 K/sq.yd,"Dec, 2026",3 BHK Apartment,PR/GJ/GANDHINAGAR/GANDHINAGAR/Others/MAA11414/060323,205.00 sq.yd. - 208.00 sq.yd.,,
https://housing.com/buy-kopren-park-view-by-shoolin-developers-in-ognaj-ahmedabad-pid-288003?fltcnt=ac763949-13cf-4df0-a0ea-a242eb36c8d3,Kopren Park View,SHOOLIN DEVELOPERS,"Science City Approach Road,Ognaj Bypass Road, Ahmedabad",,4 Buildings - 136 units,"Oct, 2022",37.68 K/sq.yd,"Dec, 2024",,PR/GJ/AHMEDABAD/AHMEDABAD CITY/Ahmedabad Municipal Corporation/MN228AA10128/211022,142.00 sq.yd. - 195.00 sq.yd.,"2, 3 BHK Apartments",
https://housing.com/buy-gala-ikebana-by-gala-group-in-bodakdev-ahmedabad-pid-291609?fltcnt=bae333af-f8e0-4e14-a78a-ee3466c517ac,Gala Ikebana,GALA GROUP,"Besides Courtyard Marriott, Bh. Rajpath Club, Sindhubhavan Road, S G Highway, Ahmedabad",7300.00 sq.ft.,3 Buildings - 119 units,"Aug, 2023",8.22 K/sq.ft,"Jul, 2027",5 BHK Apartment,PR/GJ/AHMEDABAD/DASKROI/AUDA/RAA10949/191122,,,
https://housing.com/buy-shiv-vivanta-by-rudra-enterprise-in-chandkheda-ahmedabad-pid-309012?fltcnt=8bb4c404-d539-4995-a740-37dc0e66022d,Shiv Vivanta,RUDRA ENTERPRISE,"Shiv Vivanta, Opp. Merriment Parmeshwar, T.P. No. 75, Chandkheda, Ahmedabad",,2 Buildings - 81 units,"Jun, 2022",6.84 K/sq.ft,"Dec, 2024","3 BHK Apartment, Penthouse",PR/GJ/AHMEDABAD/AHMEDABAD CITY/Ahmedabad Municipal Corporation/RN81AA09981/180622,1182.00 sq.ft. - 1184.00 sq.ft.,,
https://housing.com/buy-sthapatya-heights-by-sthapatya-buildcon-in-odhav-ahmedabad-pid-259721?fltcnt=1d3b4ab2-6263-4b25-b0f4-2b43981f8b8e,Sthapatya Heights,STHAPATYA HEIGHTS,"Singarwa, Odhav, Daskroi, Ahmedabad",,10 Buildings - 276 units,"May, 2021",15.76 K/sq.yd,"Mar, 2025",2 BHK Apartment,PR/GJ/AHMEDABAD/DASKROI/AUDA/MAA08489/240521,126.00 sq.yd. - 127.00 sq.yd.,,
https://housing.com/buy-swastik-saffron-by-swastik-reality-in-nana-chiloda-ahmedabad-pid-283214?fltcnt=788b2464-3166-4bc3-9f29-a47debafdb96,Swastik Saffron,SWASTIK REALITY,"Swastik Saffron, Opp Kanan Residency, Behind Shyam Elegance, New Shahibaug, Nana Chiloda, Ahmedabad",,6 Buildings - 168 units,,2.65 K/sq.ft,"Dec, 2025",,PR/GJ/AHMEDABAD/AHMEDABAD CITY/Ahmedabad Municipal Corporation/MN153AA10053/170822,1512.00 sq.ft. - 1944.00 sq.ft.,"2, 3 BHK Apartments",
https://housing.com/buy-bhagwat-enclave-by-gajanand-corporation-in-new-maninagar-ahmedabad-pid-251861?fltcnt=cf7c7d86-c979-4095-9c06-bf9699b6b525,Bhagwat Enclave,GAJANAND CORPORATION,"Near Ashray Bunglow, Baroda Express Highway, New CTM, East Ahmedabad, Ahmedabad",,5 Buildings - 186 units,"Oct, 2020",2.63 K/sq.ft,"Dec, 2022",,PR/GJ/AHMEDABAD/AHMEDABAD CITY/AUDA/MAA07550/121020,1250.00 sq.ft. - 1600.00 sq.ft.,"2, 3 BHK Apartments",
https://housing.com/buy-lhp-tanishk-enclave-by-lhp-infrastructure-pvt-ltd-in-chandkheda-ahmedabad-pid-133893?fltcnt=2e9e1f6e-22b1-4041-833a-7f9994df9dbf,LHP Tanishk Enclave,LHP INFRASTRUCTURE PVT LTD,"Behind Sungrace Arcade, Visat, Sona Cross Rd, Motera, Ahmedabad",,2 Buildings - 72 units,"Jun, 2019",4.80 K/sq.ft,,3 BHK Apartment,PR/GJ/AHMEDABAD/AHMEDABAD CITY/AUDA/RAA04848/140219,2316.00 sq.ft. - 2678.00 sq.ft.,,Ready to Move
https://housing.com/buy-aryan-elegance-by-shree-radhekrishna-group-in-paldi-ahmedabad-pid-309320?fltcnt=dfd36657-b384-4087-b134-63a7ee8e71d4,Aryan Elegance,MEHTA ESTATE BROKER,"Nr Chandranagar BRTS Bus Stop, PT Collage Road, Paldi, Ahmedabad",,6 Buildings - 280 units,"Oct, 2023",52.55 K/sq.yd,"Dec, 2026",3 BHK Apartment,PR/GJ/AHMEDABAD/AHMEDABAD CITY/AUDA/MAA12444/131023,196.00 sq.yd. - 245.00 sq.yd.,,
https://housing.com/buy-ralsi-rivera-by-shri-ram-developers-in-ghuma-ahmedabad-pid-302258?fltcnt=3996a3ac-436a-43d9-8919-3f5d1f54fdb4,Ralsi Rivera,SHRI RAM DEVELOPERS,"Ghuma, Ahmedabad",,1 Building - 138 units,"Jul, 2023",3.48 K/sq.ft,"Dec, 2025",,PR/GJ/AHMEDABAD/AHMEDABAD CITY/AUDA/MAA12050/010723,1270.00 sq.ft. - 1750.00 sq.ft.,"2, 3 BHK Apartments",
https://housing.com/buy-hindva-skylife-by-hindva-developers-llp-in-nava-naroda-ahmedabad-pid-282743?fltcnt=57ba886d-c674-4133-b2cb-82768550603c,Hindva Skylife,HINDVA DEVELOPERS LLP,"Haridarshan to Kathwada Road, Nr.Shyam Kutir, Hanspura, Nava Naroda, Ahmedabad",,5 Buildings - 224 units,"May, 2022",6.59 K/sq.ft,"Jul, 2024",,PR/GJ/AHMEDABAD/AHMEDABAD CITY/AUDA/MAA09970/280322,607.00 sq.ft. - 815.00 sq.ft.,"2, 3 BHK Apartments",
https://housing.com/buy-aastha-athens-by-aastha-realty-in-navrangpura-ahmedabad-pid-311163?fltcnt=44a7e2b3-02e6-4599-8dfe-c2221e02c5ba,Aastha Athens,AASTHA REALTY,"Nr HDFC Bank, Opp Vitthal Vadi Society, Navrangpura, Central Ahmedabad, Ahmedabad",,1 Building - 20 units,"Jun, 2023",Price on request,"Mar, 2028",4 BHK Apartment,PR/GJ/AHMEDABAD/AHMEDABAD CITY/AUDA/RAA12341/290923,357.00 sq.yd. - 452.00 sq.yd.,,
https://housing.com/buy-shivansh-the-grove-by-shivansh-infracon-in-vaishno-devi-circle-ahmedabad-pid-296180?fltcnt=aafd9809-53ef-4b54-a5ce-6a70b980cc51,Shivansh The Grove,SHIVANSH INFRACON,"Nr. Aditya Prime, Lubi Corporate House, Khoraj, Ahmedabad",205.00 sq.yd.,4 Buildings - 168 units,"Apr, 2023",35.00 K/sq.yd,"Dec, 2026",3 BHK Apartment,PR/GJ/GANDHINAGAR/GANDHINAGAR/Others/MAA11527/290323,,,
https://housing.com/buy-raghuvir-aryaman-kalpvruksh-by-raghuvir-buildcon-in-hathijan-ahmedabad-pid-299498?fltcnt=735d399c-d480-4fcc-a640-9bb4abc67eaf,Raghuvir Aryaman Kalpvruksh,RAGHUVIR BUILDCON,"ARYAMAN KALPVRUKSH Nr. Divine Gurukulam, Lalgebi Circle, S.P Ring Roadd, Hathijan, Ahmedabad",,5 Buildings - 234 units,"May, 2023",5.84 K/sq.ft,"Oct, 2026",,PR/GJ/AHMEDABAD/AHMEDABAD CITY/AUDA/MAA11784/180523,547.00 sq.ft. - 847.00 sq.ft.,"2, 3 BHK Apartments",
https://housing.com/buy-shree-radhe-hills-by-samrudhdhi-developers-in-nava-naroda-ahmedabad-pid-289608?fltcnt=609dd597-94fc-4c69-b799-23f9145651f7,Shree Radhe Hills,SAMRUDHDHI DEVELOPERS,"Nava Naroda, Ahmedabad",,2 Buildings - 104 units,"Dec, 2022",Price on request,"Jul, 2027",3 BHK Apartment,PR/GJ/AHMEDABAD/AHMEDABAD CITY/Ahmedabad Municipal Corporation/MN259AA10159/021222,2178.00 sq.ft. - 2214.00 sq.ft.,,
https://housing.com/buy-sarva-one-26-by-sarva-developers-in-vaishno-devi-circle-ahmedabad-pid-300176?fltcnt=07a791d8-7579-4805-973f-a5184766a5e0,Sarva One 26,PROPERTYPRO REALTY,"SP Ring Road, Near Vaishno Devi Circle On SG Highway, Ahmedabad",,3 Buildings - 126 units,"May, 2023",36.00 K/sq.yd,"Mar, 2028",3 BHK Apartment,PR/GJ/AHMEDABAD/AHMEDABAD CITY/AUDA/MAA11813/220523,205.00 sq.yd. - 212.00 sq.yd.,,
https://housing.com/buy-shreeji-elegance-by-shreeji-infra-in-nava-naroda-ahmedabad-pid-269879?fltcnt=0e34e30c-cdb2-47f3-bc05-d84e945b98af,Shreeji Elegance,SHREEJI INFRA,"Besides Shreeji Heights & Laxmi Sky City, Opp Kalash & Rajvan Party Plot,Near Dastan Circle, S P Ring Road, Hanspura, Nava Naroda, Ahmedabad",,7 Buildings - 308 units,"Dec, 2021",Price on request,"Dec, 2025",,PR/GJ/AHMEDABAD/AHMEDABAD CITY/AUDA/MAA09508/201221,133.00 sq.yd. - 277.00 sq.yd.,"2, 3 BHK Apartments",
https://housing.com/buy-dharti-skyline-by-dharti-infracon-in-jagatpur-ahmedabad-pid-285032?fltcnt=7896aae5-3ecd-44a0-8e79-c5c6e6c076e3,Dharti Skyline,DHARTI INFRACON,"Besides Godrej, Garden City, Jagatpur, Ahmedabad",,10 Buildings - 486 units,"Oct, 2022",8.21 K/sq.ft,"Dec, 2025",,PR/GJ/AHMEDABAD/AHMEDABAD CITY/AUDA/MAA10375/300622,639.00 sq.ft. - 872.00 sq.ft.,"2, 3 BHK Apartments",
https://housing.com/buy-rajyash-regius-by-rajyash-group-in-bopal-ahmedabad-pid-266058?fltcnt=912a8092-5293-42bc-b22c-68a53efafc13,Rajyash Regius,RAJYASH GROUP,"Besides TRP Mall, Central Bopal, Rajyash City, SP ring road west, Ahmedabad",,10 Buildings - 438 units,,Price on request,"Dec, 2024",,PR/GJ/AHMEDABAD/AHMEDABAD CITY/AUDA/MAA09171/111021,2960.00 sq.ft. - 6390.00 sq.ft.,"4, 5 BHK Apartments",
https://housing.com/buy-raghuvir-aryaman-residency-by-raghuvir-infra-ahmedabad-in-narolgam-ahmedabad-pid-278551?fltcnt=0204a8a9-430d-4ef0-a4fd-2eff99c484c5,Raghuvir Aryaman Residency,RAGHUVIR INFRA AHMEDABAD,"Near Tirth 2, Divin life International School Lane, Shree Ram Residency Road, Narol Gam, South Ahmedabad, Ahmedabad",,5 Buildings - 210 units,,22.00 K/sq.yd,"Dec, 2026",,PR/GJ/AHMEDABAD/AHMEDABAD CITY/AUDA/MAA09944/220322,88.00 sq.yd. - 136.00 sq.yd.,"1, 2 BHK Apartments",
https://housing.com/buy-lotus-heights-by-shanti-infra-ahmedabad-in-isanpur-ahmedabad-pid-264894?fltcnt=4714f7f0-fd08-48e9-954f-98b088ac14df,Lotus Heights,SHANTI INFRA AHMEDABAD,"Opp. Zarna Party Plot, Ghodasar Canal Road, Isanpur, East Ahmedabad, Ahmedabad",,5 Buildings - 133 units,"Sep, 2021",2.08 K/sq.ft,"Dec, 2024",2 BHK Apartment,PR/GJ/AHMEDABAD/AHMEDABAD CITY/AUDA/RAA08992/070921,1125.00 sq.ft. - 1350.00 sq.ft.,,
https://housing.com/buy-aarohi-vivianna-by-siddhi-developers-in-ghuma-ahmedabad-pid-265103?fltcnt=e22dc091-ded7-44ac-a277-a0b5739b77aa,Aarohi Vivianna,SIDDHI BY AAROHI,"South Bopal, Ahmedabad",1700.00 sq.ft.,4 Buildings - 220 units,"Sep, 2021",3.96 K/sq.ft,"Jul, 2024",3 BHK Apartment,PR/GJ/AHMEDABAD/AHMEDABAD CITY/AUDA/MAA09079/200921,,,
https://housing.com/buy-murlidhar-sky-by-spelndid-infrabuild-llp-in-isanpur-ahmedabad-pid-264571?fltcnt=d209ef88-5a4b-411d-ae4d-b8f713696ca3,Murlidhar Sky,SPELNDID INFRABUILD LLP,"Near Maruti Suzuki Arena, Narol-Isanpur Brts Road, Isanpur, East Ahmedabad, Ahmedabad",,8 Buildings - 476 units,"Sep, 2021",26.58 K/sq.yd,,,PR/GJ/AHMEDABAD/AHMEDABAD CITY/AUDA/MAA09028/090921,127.00 sq.yd. - 149.00 sq.yd.,"2, 3 BHK Apartments",Under Construction
https://housing.com/buy-saral-heights-and-the-east-gate-by-saral-buildcon-in-vastral-ahmedabad-pid-232825?fltcnt=e89bd3bf-6730-4e07-9a5e-e4b96f9b2e04,Saral Heights And The East Gate,SARAL BUILDCON,"Opp R.F. Camp, S.P. Ring Road, East Ahmedabad, Ahmedabad",,6 Buildings - 236 units,"Mar, 2020",Price on request,,,PR/GJ/AHMEDABAD/AHMEDABAD CITY/AUDA/MAA06876/120320,150.00 sq.yd. - 195.00 sq.yd.,"2, 3 BHK Apartments",Under Construction
https://housing.com/buy-lycka-life-by-lycka-properties-private-limited-in-sola-ahmedabad-pid-275693?fltcnt=43095c25-6116-4062-a43b-c184f3390ed4,Lycka Life,LYCKA PROPERTIES PRIVATE LIMITED,"SG Highway, Nr. Science City Rd., Nr. Sola Flyover, S G Highway, Ahmedabad",,2 Buildings - 84 units,"Mar, 2022",5.87 K/sq.ft,"Apr, 2024",3 BHK Apartment,PR/GJ/AHMEDABAD/AHMEDABAD CITY/AUDA/MAA09961/230322,,,
https://housing.com/buy-festival-o2-by-the-festival-group-in-gota-ahmedabad-pid-298947?fltcnt=a553d31d-7c6e-4976-a230-912db003ae6c,Festival O2,THE FESTIVAL GROUP,"Next To Oxygen Park, Nr. Vrundavan 6 Bungalows, New Science City Road, Ahmedabad",195.00 sq.yd.,6 Buildings - 281 units,"May, 2023",40.00 K/sq.yd,"Mar, 2026",3 BHK Apartment,PR/GJ/AHMEDABAD/AHMEDABAD CITY/AUDA/MAA11722/060523,,,
https://housing.com/buy-shree-sadan-17-by-shreekunj-dhara-in-vasna-ahmedabad-pid-293994?fltcnt=d9d67ab0-16ca-48a1-bb78-95adcf752456,Shree Sadan 17,SHREEKUNJ DHARA,"Near Swaminarayan Park-4, South Vasna, Central Ahmedabad, Ahmedabad",,11 Buildings - 444 units,"Feb, 2023",4.13 K/sq.ft,"Mar, 2025",2 BHK Apartment,PR/GJ/AHMEDABAD/AHMEDABAD CITY/AUDA/MAA11341/030323,1080.00 sq.ft. - 1216.00 sq.ft.,,
https://housing.com/buy-the-evans-by-tri-realty-in-tragad-ahmedabad-pid-278574?fltcnt=87c985c6-05e9-4ed3-8abd-ca179c1f37f4,The Evans,TRI REALTY,"Tragad Road, Near Greenaura, Chandkheda, Ahmedabad",205.00 sq.yd.,4 Buildings - 120 units,"Jun, 2022",34.00 K/sq.yd,"Dec, 2026",3 BHK Apartment,PR/GJ/GANDHINAGAR/GANDHINAGAR/Gandhinagar Municipal Corporation/MN62AA09962/060622,,,
https://housing.com/buy-rhythm-aura-by-rhythm-group-in-bopal-ahmedabad-pid-297300?fltcnt=0a5fdef2-ff69-44b5-aa16-cbcab61014c4,Rhythm Aura,RHYTHM GROUP,"Behind Flora Ixora, Near Kavisha Urbania, South Bopal, Ahmedabad",1761.00 sq.ft.,4 Buildings - 125 units,,3.55 K/sq.ft,"Jun, 2025",3 BHK Apartment,PR/GJ/AHMEDABAD/DASKROI/AUDA/MAA11740/090523,,,
